id,game_key,name_th,in_game,slot,game_slot,class,class_only,tier,stats,price,grip,fit_size,fit_sink,fit_rot,fit_offset,file,prompt
straw_hat,หมวกฟาง,หมวกฟาง,yes,head,head,all,,starter,DEF +2,60,,,,,,images/items/straw_hat.png,"A single woven straw sun hat with a red ribbon band as a game item, same anime art style as the uploaded image, thick dark outlines, soft cel shading. Only the item, no character, no head, no hands. Seen from the front and slightly above, so the depth of the item and the inside of the head opening are visible. Upright, centered, fully visible. Plain solid white background, no checkerboard pattern, no shadow, no text."
leather_cap,หมวกหนัง,หมวกหนัง,,head,head,novice,,starter,DEF +2,60,,,,,,images/items/leather_cap.png,"A single simple brown leather cap with stitched seams as a game item, same anime art style as the uploaded image, thick dark outlines, soft cel shading. Only the item, no character, no head, no hands. Seen from the front and slightly above, so the depth of the item and the inside of the head opening are visible. Upright, centered, fully visible. Plain solid white background, no checkerboard pattern, no shadow, no text."
bandana,ผ้าโพกหัว,ผ้าโพกหัว,,head,head,novice,,starter,DEF +1,60,,,,,,images/items/bandana.png,"A single red cloth bandana tied at the back with two short tails as a game item, same anime art style as the uploaded image, thick dark outlines, soft cel shading. Only the item, no character, no head, no hands. Seen from the front and slightly above, so the depth of the item and the inside of the head opening are visible. Upright, centered, fully visible. Plain solid white background, no checkerboard pattern, no shadow, no text."
feather_beret,หมวกเบเรต์ขนนก,หมวกเบเรต์ขนนก,,head,head,all,,common,DEF +2 · DEX +1,250,,,,,,images/items/feather_beret.png,"A single green felt beret with a long white feather as a game item, same anime art style as the uploaded image, thick dark outlines, soft cel shading. Only the item, no character, no head, no hands. Seen from the front and slightly above, so the depth of the item and the inside of the head opening are visible. Upright, centered, fully visible. Plain solid white background, no checkerboard pattern, no shadow, no text."
iron_helmet,หมวกเหล็ก,หมวกเหล็ก,,head,head,knight,,common,DEF +5,250,,,,,,images/items/iron_helmet.png,"A single round iron helmet with a nose guard as a game item, same anime art style as the uploaded image, thick dark outlines, soft cel shading. Only the item, no character, no head, no hands. Seen from the front and slightly above, so the depth of the item and the inside of the head opening are visible. Upright, centered, fully visible. Plain solid white background, no checkerboard pattern, no shadow, no text."
knight_helm,หมวกอัศวิน,หมวกอัศวิน,,head,head,knight,,rare,DEF +8,600,,,,,,images/items/knight_helm.png,"A single closed silver knight helmet with a visor slit and a red plume as a game item, same anime art style as the uploaded image, thick dark outlines, soft cel shading. Only the item, no character, no head, no hands. Seen from the front and slightly above, so the depth of the item and the inside of the head opening are visible. Upright, centered, fully visible. Plain solid white background, no checkerboard pattern, no shadow, no text."
viking_helm,หมวกไวกิ้ง,หมวกไวกิ้ง,,head,head,knight,,rare,DEF +7 · STR +1,600,,,,,,images/items/viking_helm.png,"A single iron viking helmet with two curved horns as a game item, same anime art style as the uploaded image, thick dark outlines, soft cel shading. Only the item, no character, no head, no hands. Seen from the front and slightly above, so the depth of the item and the inside of the head opening are visible. Upright, centered, fully visible. Plain solid white background, no checkerboard pattern, no shadow, no text."
samurai_kabuto,หมวกซามูไร,หมวกซามูไร,,head,head,knight,,epic,DEF +10,1500,,,,,,images/items/samurai_kabuto.png,"A single dark red samurai kabuto helmet with golden crescent crest as a game item, same anime art style as the uploaded image, thick dark outlines, soft cel shading. Only the item, no character, no head, no hands. Seen from the front and slightly above, so the depth of the item and the inside of the head opening are visible. Upright, centered, fully visible. Plain solid white background, no checkerboard pattern, no shadow, no text."
dragon_helm,หมวกมังกร,หมวกมังกร,,head,head,knight,,legend,DEF +14 · STR +3,4000,,,,,,images/items/dragon_helm.png,"A single black dragon-shaped helmet with small wings and red eyes as a game item, same anime art style as the uploaded image, thick dark outlines, soft cel shading. Only the item, no character, no head, no hands. Seen from the front and slightly above, so the depth of the item and the inside of the head opening are visible. Upright, centered, fully visible. Plain solid white background, no checkerboard pattern, no shadow, no text."
ranger_hood,ฮู้ดพราน,ฮู้ดพราน,,head,head,ranger,,common,DEF +3 · AGI +1,250,,,,,,images/items/ranger_hood.png,"A single dark green hunter hood with a short cape collar as a game item, same anime art style as the uploaded image, thick dark outlines, soft cel shading. Only the item, no character, no head, no hands. Seen from the front and slightly above, so the depth of the item and the inside of the head opening are visible. Upright, centered, fully visible. Plain solid white background, no checkerboard pattern, no shadow, no text."
feather_cap,หมวกขนนกนักธนู,หมวกขนนกนักธนู,,head,head,ranger,,common,DEF +3 · DEX +1,250,,,,,,images/items/feather_cap.png,"A single pointed green archer cap with a red feather as a game item, same anime art style as the uploaded image, thick dark outlines, soft cel shading. Only the item, no character, no head, no hands. Seen from the front and slightly above, so the depth of the item and the inside of the head opening are visible. Upright, centered, fully visible. Plain solid white background, no checkerboard pattern, no shadow, no text."
wolf_hood,ฮู้ดหมาป่า,ฮู้ดหมาป่า,,head,head,ranger,,rare,DEF +5 · AGI +2,600,,,,,,images/items/wolf_hood.png,"A single grey wolf head hood with ears and a cute wolf face on top as a game item, same anime art style as the uploaded image, thick dark outlines, soft cel shading. Only the item, no character, no head, no hands. Seen from the front and slightly above, so the depth of the item and the inside of the head opening are visible. Upright, centered, fully visible. Plain solid white background, no checkerboard pattern, no shadow, no text."
elf_circlet,มงกุฎเถาใบไม้,มงกุฎเถาใบไม้,,head,head,ranger,,epic,DEF +6 · DEX +3,1500,,,,,,images/items/elf_circlet.png,"A single silver elven circlet shaped like leaves and vines as a game item, same anime art style as the uploaded image, thick dark outlines, soft cel shading. Only the item, no character, no head, no hands. Upright, seen from the front, centered, fully visible. Plain solid white background, no checkerboard pattern, no shadow, no text."
wizard_hat,หมวกพ่อมด,หมวกพ่อมด,,head,head,witch,,common,MDEF +4 · INT +1,250,,,,,,images/items/wizard_hat.png,"A single tall blue pointed wizard hat with golden stars as a game item, same anime art style as the uploaded image, thick dark outlines, soft cel shading. Only the item, no character, no head, no hands. Seen from the front and slightly above, so the depth of the item and the inside of the head opening are visible. Upright, centered, fully visible. Plain solid white background, no checkerboard pattern, no shadow, no text."
witch_hat,หมวกแม่มด,หมวกแม่มด,,head,head,witch,,common,MDEF +4 · INT +1,250,,,,,,images/items/witch_hat.png,"A single wide-brimmed black witch hat with a purple band and a buckle as a game item, same anime art style as the uploaded image, thick dark outlines, soft cel shading. Only the item, no character, no head, no hands. Seen from the front and slightly above, so the depth of the item and the inside of the head opening are visible. Upright, centered, fully visible. Plain solid white background, no checkerboard pattern, no shadow, no text."
mage_circlet,เข็มรัดศีรษะเวท,เข็มรัดศีรษะเวท,,head,head,witch,,rare,MDEF +6 · INT +2,600,,,,,,images/items/mage_circlet.png,"A single golden circlet with a glowing blue gem in the middle as a game item, same anime art style as the uploaded image, thick dark outlines, soft cel shading. Only the item, no character, no head, no hands. Upright, seen from the front, centered, fully visible. Plain solid white background, no checkerboard pattern, no shadow, no text."
moon_tiara,ทีอาร่าจันทรา,ทีอาร่าจันทรา,,head,head,witch,,epic,MDEF +8 · INT +3,1500,,,,,,images/items/moon_tiara.png,"A single silver tiara with a crescent moon and small crystals as a game item, same anime art style as the uploaded image, thick dark outlines, soft cel shading. Only the item, no character, no head, no hands. Upright, seen from the front, centered, fully visible. Plain solid white background, no checkerboard pattern, no shadow, no text."
archmage_hood,ฮู้ดจอมเวท,ฮู้ดจอมเวท,,head,head,witch,,legend,MDEF +12 · INT +5,4000,,,,,,images/items/archmage_hood.png,"A single deep purple hooded cowl with glowing rune embroidery as a game item, same anime art style as the uploaded image, thick dark outlines, soft cel shading. Only the item, no character, no head, no hands. Seen from the front and slightly above, so the depth of the item and the inside of the head opening are visible. Upright, centered, fully visible. Plain solid white background, no checkerboard pattern, no shadow, no text."
king_crown,King Crown,มงกุฎราชา,yes,head,head,all,,epic,DEF +5,1500,,,,,,images/items/king_crown.png,"A single golden royal crown with red and blue jewels as a game item, same anime art style as the uploaded image, thick dark outlines, soft cel shading. Only the item, no character, no head, no hands. Seen from the front and slightly above, so the depth of the item and the inside of the head opening are visible. Upright, centered, fully visible. Plain solid white background, no checkerboard pattern, no shadow, no text."
flower_crown,มงกุฎดอกไม้,มงกุฎดอกไม้,,head,head,all,,fashion,LUK +2,800,,1.1,0.5,,,images/items/flower_crown.png,"A single crown of pink and white flowers with green leaves as a game item, same anime art style as the uploaded image, thick dark outlines, soft cel shading. Only the item, no character, no head, no hands. Upright, seen from the front, centered, fully visible. Plain solid white background, no checkerboard pattern, no shadow, no text."
frog_hat,หมวกกบ,หมวกกบ,yes,head,head,all,,fashion,LUK +2,800,,,,,,images/items/frog_hat.png,"A single cute green frog hat with big round eyes on top as a game item, same anime art style as the uploaded image, thick dark outlines, soft cel shading. Only the item, no character, no head, no hands. Seen from the front and slightly above, so the depth of the item and the inside of the head opening are visible. Upright, centered, fully visible. Plain solid white background, no checkerboard pattern, no shadow, no text."
mushroom_hat,หมวกเห็ด,หมวกเห็ด,yes,head,head,all,,fashion,DEF +2,800,,,,,,images/items/mushroom_hat.png,"A single red mushroom cap hat with white spots as a game item, same anime art style as the uploaded image, thick dark outlines, soft cel shading. Only the item, no character, no head, no hands. Seen from the front and slightly above, so the depth of the item and the inside of the head opening are visible. Upright, centered, fully visible. Plain solid white background, no checkerboard pattern, no shadow, no text."
bunny_ears,หูกระต่าย,หูกระต่าย,yes,head,head,all,,fashion,AGI +2,800,,1.05,0.5,,,images/items/bunny_ears.png,"A single white fluffy bunny ears headband with pink inner ears as a game item, same anime art style as the uploaded image, thick dark outlines, soft cel shading. Only the item, no character, no head, no hands. Upright, seen from the front, centered, fully visible. Plain solid white background, no checkerboard pattern, no shadow, no text."
cat_ears,ที่คาดผมหูแมว,ที่คาดผมหูแมว,,head,head,all,,fashion,AGI +1,800,,1.05,0.5,,,images/items/cat_ears.png,"A single black cat ears headband with a small bell as a game item, same anime art style as the uploaded image, thick dark outlines, soft cel shading. Only the item, no character, no head, no hands. Upright, seen from the front, centered, fully visible. Plain solid white background, no checkerboard pattern, no shadow, no text."
chef_hat,หมวกเชฟ,หมวกเชฟ,,head,head,all,,fashion,VIT +1,800,,,,,,images/items/chef_hat.png,"A single tall white chef toque as a game item, same anime art style as the uploaded image, thick dark outlines, soft cel shading. Only the item, no character, no head, no hands. Seen from the front and slightly above, so the depth of the item and the inside of the head opening are visible. Upright, centered, fully visible. Plain solid white background, no checkerboard pattern, no shadow, no text."
pirate_hat,หมวกโจรสลัด,หมวกโจรสลัด,,head,head,all,,fashion,LUK +2,800,,,,,,images/items/pirate_hat.png,"A single black pirate tricorn hat with a skull emblem and gold trim as a game item, same anime art style as the uploaded image, thick dark outlines, soft cel shading. Only the item, no character, no head, no hands. Seen from the front and slightly above, so the depth of the item and the inside of the head opening are visible. Upright, centered, fully visible. Plain solid white background, no checkerboard pattern, no shadow, no text."
santa_hat,หมวกซานต้า,หมวกซานต้า,,head,head,all,,fashion,LUK +1,800,,,,,,images/items/santa_hat.png,"A single red Santa hat with white fur trim and pompom as a game item, same anime art style as the uploaded image, thick dark outlines, soft cel shading. Only the item, no character, no head, no hands. Seen from the front and slightly above, so the depth of the item and the inside of the head opening are visible. Upright, centered, fully visible. Plain solid white background, no checkerboard pattern, no shadow, no text."
pumpkin_head,หัวฟักทอง,หัวฟักทอง,,head,head,all,,fashion,DEF +2,800,,,,,,images/items/pumpkin_head.png,"A single carved jack-o'-lantern pumpkin helmet with a cute face as a game item, same anime art style as the uploaded image, thick dark outlines, soft cel shading. Only the item, no character, no head, no hands. Seen from the front and slightly above, so the depth of the item and the inside of the head opening are visible. Upright, centered, fully visible. Plain solid white background, no checkerboard pattern, no shadow, no text."
halo,วงแหวนนางฟ้า,วงแหวนนางฟ้า,,head,head,all,,fashion,MDEF +3,800,,1.05,0.5,,,images/items/halo.png,"A single glowing golden halo floating on a thin headband as a game item, same anime art style as the uploaded image, thick dark outlines, soft cel shading. Only the item, no character, no head, no hands. Upright, seen from the front, centered, fully visible. Plain solid white background, no checkerboard pattern, no shadow, no text."
devil_horns,เขาปีศาจ,เขาปีศาจ,,head,head,all,,fashion,ATK +1,800,,1.05,0.5,,,images/items/devil_horns.png,"A single small red devil horns headband as a game item, same anime art style as the uploaded image, thick dark outlines, soft cel shading. Only the item, no character, no head, no hands. Upright, seen from the front, centered, fully visible. Plain solid white background, no checkerboard pattern, no shadow, no text."
goggles,แว่นกันลมนักผจญภัย,แว่นกันลมนักผจญภัย,,head,head,novice,,common,DEX +1,250,,1.05,0.45,,,images/items/goggles.png,"A single brass aviator goggles on a leather headband as a game item, same anime art style as the uploaded image, thick dark outlines, soft cel shading. Only the item, no character, no head, no hands. Upright, seen from the front, centered, fully visible. Plain solid white background, no checkerboard pattern, no shadow, no text."
beanie,หมวกไหมพรม,หมวกไหมพรม,,head,head,novice,,fashion,VIT +1,800,,,,,,images/items/beanie.png,"A single knitted light blue beanie with a pompom as a game item, same anime art style as the uploaded image, thick dark outlines, soft cel shading. Only the item, no character, no head, no hands. Seen from the front and slightly above, so the depth of the item and the inside of the head opening are visible. Upright, centered, fully visible. Plain solid white background, no checkerboard pattern, no shadow, no text."
lotus_crown,มงกุฎดอกบัว,มงกุฎดอกบัว,,head,head,all,,epic,MDEF +6 · LUK +2,1500,,,,,,images/items/lotus_crown.png,"A single golden Thai-style lotus crown with ornate patterns as a game item, same anime art style as the uploaded image, thick dark outlines, soft cel shading. Only the item, no character, no head, no hands. Seen from the front and slightly above, so the depth of the item and the inside of the head opening are visible. Upright, centered, fully visible. Plain solid white background, no checkerboard pattern, no shadow, no text."
sun_visor,หมวกไม้สาน,หมวกไม้สาน,,head,head,novice,,starter,DEF +1,60,,,,,,images/items/sun_visor.png,"A single conical woven bamboo farmer hat as a game item, same anime art style as the uploaded image, thick dark outlines, soft cel shading. Only the item, no character, no head, no hands. Seen from the front and slightly above, so the depth of the item and the inside of the head opening are visible. Upright, centered, fully visible. Plain solid white background, no checkerboard pattern, no shadow, no text."
ribbon_bow,โบว์ใหญ่,โบว์ใหญ่,,head,head,all,,fashion,LUK +1,800,,1.0,0.42,,,images/items/ribbon_bow.png,"A single large red ribbon bow hair accessory worn on top of the head as a game item, same anime art style as the uploaded image, thick dark outlines, soft cel shading. Only the item, no character, no head, no hands. Upright, seen from the front, centered, fully visible. Plain solid white background, no checkerboard pattern, no shadow, no text."
horned_mask,หมวกเขาเงิน,หมวกเขาเงิน,,head,head,knight,,epic,DEF +11,1500,,,,,,images/items/horned_mask.png,"A single silver helmet with long swept-back horns and blue gems as a game item, same anime art style as the uploaded image, thick dark outlines, soft cel shading. Only the item, no character, no head, no hands. Seen from the front and slightly above, so the depth of the item and the inside of the head opening are visible. Upright, centered, fully visible. Plain solid white background, no checkerboard pattern, no shadow, no text."
wooden_stick,ไม้ไผ่,ไม้ไผ่,,hand_r,weapon,novice,,starter,ATK +3,60,,,,,,images/items/wooden_stick.png,"A single plain wooden walking stick as a game item, same anime art style as the uploaded image, thick dark outlines, soft cel shading. Only the item, no character, no head, no hands. Vertical, handle at the bottom, pointing up, seen from the front, centered, fully visible. Plain solid white background, no checkerboard pattern, no shadow, no text."
training_sword,ดาบเหล็กฝึกหัด,ดาบเหล็กฝึกหัด,yes,hand_r,weapon,novice,,starter,ATK +5,60,,,,,,images/items/training_sword.png,"A single simple short iron sword with a brass guard as a game item, same anime art style as the uploaded image, thick dark outlines, soft cel shading. Only the item, no character, no head, no hands. Vertical, handle at the bottom, pointing up, seen from the front, centered, fully visible. Plain solid white background, no checkerboard pattern, no shadow, no text."
chipped_blade,Chipped Blade,ดาบบิ่น,yes,hand_r,weapon,novice,,starter,ATK +6,60,,,,,,images/items/chipped_blade.png,"A single old chipped iron short sword with a leather-wrapped grip as a game item, same anime art style as the uploaded image, thick dark outlines, soft cel shading. Only the item, no character, no head, no hands. Vertical, handle at the bottom, pointing up, seen from the front, centered, fully visible. Plain solid white background, no checkerboard pattern, no shadow, no text."
rusty_knife,มีดสนิม,มีดสนิม,,hand_r,weapon,novice,,starter,ATK +4,60,,,,,,images/items/rusty_knife.png,"A single rusty hunting knife with a wooden handle as a game item, same anime art style as the uploaded image, thick dark outlines, soft cel shading. Only the item, no character, no head, no hands. Vertical, handle at the bottom, pointing up, seen from the front, centered, fully visible. Plain solid white background, no checkerboard pattern, no shadow, no text."
frying_pan,กระทะทอด,กระทะทอด,,hand_r,weapon,novice,,fashion,ATK +4 · LUK +2,800,,,,,,images/items/frying_pan.png,"A single black iron frying pan with a long wooden handle as a game item, same anime art style as the uploaded image, thick dark outlines, soft cel shading. Only the item, no character, no head, no hands. Vertical, handle at the bottom, pointing up, seen from the front, centered, fully visible. Plain solid white background, no checkerboard pattern, no shadow, no text."
iron_longsword,ดาบยาวเหล็ก,ดาบยาวเหล็ก,,hand_r,weapon,knight,knight,common,ATK +12,250,,,,,,images/items/iron_longsword.png,"A single straight iron longsword with a cross guard as a game item, same anime art style as the uploaded image, thick dark outlines, soft cel shading. Only the item, no character, no head, no hands. Vertical, handle at the bottom, pointing up, seen from the front, centered, fully visible. Plain solid white background, no checkerboard pattern, no shadow, no text."
broadsword,ดาบกว้าง,ดาบกว้าง,,hand_r,weapon,knight,knight,common,ATK +15,250,,,,,,images/items/broadsword.png,"A single wide-bladed steel broadsword with a round pommel as a game item, same anime art style as the uploaded image, thick dark outlines, soft cel shading. Only the item, no character, no head, no hands. Vertical, handle at the bottom, pointing up, seen from the front, centered, fully visible. Plain solid white background, no checkerboard pattern, no shadow, no text."
claymore,ดาบใหญ่สองมือ,ดาบใหญ่สองมือ,,hand_r,weapon,knight,knight,rare,ATK +24,600,,,,,,images/items/claymore.png,"A single huge two-handed claymore with a long grip as a game item, same anime art style as the uploaded image, thick dark outlines, soft cel shading. Only the item, no character, no head, no hands. Vertical, handle at the bottom, pointing up, seen from the front, centered, fully visible. Plain solid white background, no checkerboard pattern, no shadow, no text."
katana,คาตานะ,คาตานะ,,hand_r,weapon,knight,knight,rare,ATK +20 · CRI +3%,600,,,,,,images/items/katana.png,"A single slightly curved katana with a black wrapped handle and round guard as a game item, same anime art style as the uploaded image, thick dark outlines, soft cel shading. Only the item, no character, no head, no hands. Vertical, handle at the bottom, pointing up, seen from the front, centered, fully visible. Plain solid white background, no checkerboard pattern, no shadow, no text."
rapier,เรเปีย,เรเปีย,,hand_r,weapon,knight,knight,rare,ATK +16 · AGI +2,600,,,,,,images/items/rapier.png,"A single thin elegant rapier with a golden swept hilt as a game item, same anime art style as the uploaded image, thick dark outlines, soft cel shading. Only the item, no character, no head, no hands. Vertical, handle at the bottom, pointing up, seen from the front, centered, fully visible. Plain solid white background, no checkerboard pattern, no shadow, no text."
ember_blade,Ember Blade,ดาบเพลิง,yes,hand_r,weapon,knight,knight,rare,ATK +12,600,,,,,,images/items/ember_blade.png,"A single sword with a glowing orange blade and flame-shaped edges as a game item, same anime art style as the uploaded image, thick dark outlines, soft cel shading. Only the item, no character, no head, no hands. Vertical, handle at the bottom, pointing up, seen from the front, centered, fully visible. Plain solid white background, no checkerboard pattern, no shadow, no text."
frost_blade,ดาบน้ำแข็ง,ดาบน้ำแข็ง,,hand_r,weapon,knight,knight,epic,ATK +28,1500,,,,,,images/items/frost_blade.png,"A single sword made of pale blue ice crystal with frost particles as a game item, same anime art style as the uploaded image, thick dark outlines, soft cel shading. Only the item, no character, no head, no hands. Vertical, handle at the bottom, pointing up, seen from the front, centered, fully visible. Plain solid white background, no checkerboard pattern, no shadow, no text."
thunder_blade,ดาบอัสนี,ดาบอัสนี,,hand_r,weapon,knight,knight,epic,ATK +30,1500,,,,,,images/items/thunder_blade.png,"A single yellow lightning-shaped sword crackling with electricity as a game item, same anime art style as the uploaded image, thick dark outlines, soft cel shading. Only the item, no character, no head, no hands. Vertical, handle at the bottom, pointing up, seen from the front, centered, fully visible. Plain solid white background, no checkerboard pattern, no shadow, no text."
holy_sword,ดาบศักดิ์สิทธิ์,ดาบศักดิ์สิทธิ์,,hand_r,weapon,knight,knight,legend,ATK +40,4000,,,,,,images/items/holy_sword.png,"A single white and gold holy sword with angel wing guard and glowing blade as a game item, same anime art style as the uploaded image, thick dark outlines, soft cel shading. Only the item, no character, no head, no hands. Vertical, handle at the bottom, pointing up, seen from the front, centered, fully visible. Plain solid white background, no checkerboard pattern, no shadow, no text."
dragon_slayer,ดาบพิฆาตมังกร,ดาบพิฆาตมังกร,,hand_r,weapon,knight,knight,legend,ATK +45 · STR +3,4000,,,,,,images/items/dragon_slayer.png,"A single enormous dark steel greatsword with dragon teeth edges as a game item, same anime art style as the uploaded image, thick dark outlines, soft cel shading. Only the item, no character, no head, no hands. Vertical, handle at the bottom, pointing up, seen from the front, centered, fully visible. Plain solid white background, no checkerboard pattern, no shadow, no text."
battle_axe,ขวานศึก,ขวานศึก,,hand_r,weapon,knight,knight,common,ATK +16,250,,,,,,images/items/battle_axe.png,"A single double-headed iron battle axe on a wooden shaft as a game item, same anime art style as the uploaded image, thick dark outlines, soft cel shading. Only the item, no character, no head, no hands. Vertical, handle at the bottom, pointing up, seen from the front, centered, fully visible. Plain solid white background, no checkerboard pattern, no shadow, no text."
war_hammer,ค้อนศึก,ค้อนศึก,,hand_r,weapon,knight,knight,rare,ATK +22,600,,,,,,images/items/war_hammer.png,"A single heavy square iron war hammer with a spike as a game item, same anime art style as the uploaded image, thick dark outlines, soft cel shading. Only the item, no character, no head, no hands. Vertical, handle at the bottom, pointing up, seen from the front, centered, fully visible. Plain solid white background, no checkerboard pattern, no shadow, no text."
mace,กระบองหนาม,กระบองหนาม,,hand_r,weapon,knight,knight,common,ATK +14,250,,,,,,images/items/mace.png,"A single iron flanged mace with a leather grip as a game item, same anime art style as the uploaded image, thick dark outlines, soft cel shading. Only the item, no character, no head, no hands. Vertical, handle at the bottom, pointing up, seen from the front, centered, fully visible. Plain solid white background, no checkerboard pattern, no shadow, no text."
spear,หอก,หอก,,hand_r,weapon,knight,knight,common,ATK +15,250,,,,,,images/items/spear.png,"A single long wooden spear with a leaf-shaped steel tip as a game item, same anime art style as the uploaded image, thick dark outlines, soft cel shading. Only the item, no character, no head, no hands. Vertical, handle at the bottom, pointing up, seen from the front, centered, fully visible. Plain solid white background, no checkerboard pattern, no shadow, no text."
halberd,ง้าวยาว,ง้าวยาว,,hand_r,weapon,knight,knight,rare,ATK +23,600,,,,,,images/items/halberd.png,"A single tall halberd with an axe blade and a spike as a game item, same anime art style as the uploaded image, thick dark outlines, soft cel shading. Only the item, no character, no head, no hands. Vertical, handle at the bottom, pointing up, seen from the front, centered, fully visible. Plain solid white background, no checkerboard pattern, no shadow, no text."
thai_sword,ดาบไทย,ดาบไทย,,hand_r,weapon,knight,knight,epic,ATK +27 · AGI +2,1500,,,,,,images/items/thai_sword.png,"A single Thai traditional sword (daab) with a long curved blade and red wrapped grip as a game item, same anime art style as the uploaded image, thick dark outlines, soft cel shading. Only the item, no character, no head, no hands. Vertical, handle at the bottom, pointing up, seen from the front, centered, fully visible. Plain solid white background, no checkerboard pattern, no shadow, no text."
wooden_staff,ไม้เท้าไม้,ไม้เท้าไม้,,hand_r,weapon,witch,witch,starter,MATK +6,60,,,,,,images/items/wooden_staff.png,"A single gnarled wooden staff with a knot at the top as a game item, same anime art style as the uploaded image, thick dark outlines, soft cel shading. Only the item, no character, no head, no hands. Vertical, handle at the bottom, pointing up, seen from the front, centered, fully visible. Plain solid white background, no checkerboard pattern, no shadow, no text."
crystal_staff,Crystal Staff,ไม้เท้าคริสตัล,yes,hand_r,weapon,witch,witch,rare,MATK +10,600,,,,,,images/items/crystal_staff.png,"A single silver staff topped with a floating purple crystal as a game item, same anime art style as the uploaded image, thick dark outlines, soft cel shading. Only the item, no character, no head, no hands. Vertical, handle at the bottom, pointing up, seen from the front, centered, fully visible. Plain solid white background, no checkerboard pattern, no shadow, no text."
fire_staff,ไม้เท้าอัคคี,ไม้เท้าอัคคี,,hand_r,weapon,witch,witch,rare,MATK +16,600,,,,,,images/items/fire_staff.png,"A single dark wooden staff holding a burning red orb in a claw as a game item, same anime art style as the uploaded image, thick dark outlines, soft cel shading. Only the item, no character, no head, no hands. Vertical, handle at the bottom, pointing up, seen from the front, centered, fully visible. Plain solid white background, no checkerboard pattern, no shadow, no text."
ice_staff,ไม้เท้าเยือกแข็ง,ไม้เท้าเยือกแข็ง,,hand_r,weapon,witch,witch,rare,MATK +16,600,,,,,,images/items/ice_staff.png,"A single white staff with a large blue ice crystal as a game item, same anime art style as the uploaded image, thick dark outlines, soft cel shading. Only the item, no character, no head, no hands. Vertical, handle at the bottom, pointing up, seen from the front, centered, fully visible. Plain solid white background, no checkerboard pattern, no shadow, no text."
moon_wand,คทาจันทรา,คทาจันทรา,,hand_r,weapon,witch,witch,common,MATK +9,250,,,,,,images/items/moon_wand.png,"A single short silver wand with a crescent moon tip as a game item, same anime art style as the uploaded image, thick dark outlines, soft cel shading. Only the item, no character, no head, no hands. Vertical, handle at the bottom, pointing up, seen from the front, centered, fully visible. Plain solid white background, no checkerboard pattern, no shadow, no text."
star_wand,คทาดวงดาว,คทาดวงดาว,,hand_r,weapon,witch,witch,fashion,MATK +7 · LUK +2,800,,,,,,images/items/star_wand.png,"A single pink magical girl wand with a golden star and ribbons as a game item, same anime art style as the uploaded image, thick dark outlines, soft cel shading. Only the item, no character, no head, no hands. Vertical, handle at the bottom, pointing up, seen from the front, centered, fully visible. Plain solid white background, no checkerboard pattern, no shadow, no text."
skull_staff,ไม้เท้ากะโหลก,ไม้เท้ากะโหลก,,hand_r,weapon,witch,witch,epic,MATK +24,1500,,,,,,images/items/skull_staff.png,"A single black bone staff topped with a glowing green-eyed skull as a game item, same anime art style as the uploaded image, thick dark outlines, soft cel shading. Only the item, no character, no head, no hands. Vertical, handle at the bottom, pointing up, seen from the front, centered, fully visible. Plain solid white background, no checkerboard pattern, no shadow, no text."
archmage_staff,ไม้เท้าจอมปราชญ์,ไม้เท้าจอมปราชญ์,,hand_r,weapon,witch,witch,legend,MATK +36 · INT +4,4000,,,,,,images/items/archmage_staff.png,"A single ornate golden staff with orbiting blue orbs and a large sapphire as a game item, same anime art style as the uploaded image, thick dark outlines, soft cel shading. Only the item, no character, no head, no hands. Vertical, handle at the bottom, pointing up, seen from the front, centered, fully visible. Plain solid white background, no checkerboard pattern, no shadow, no text."
broom,ไม้กวาดแม่มด,ไม้กวาดแม่มด,,hand_r,weapon,witch,witch,fashion,AGI +3,800,,,,,,images/items/broom.png,"A single old wooden witch broom with straw bristles as a game item, same anime art style as the uploaded image, thick dark outlines, soft cel shading. Only the item, no character, no head, no hands. Vertical, handle at the bottom, pointing up, seen from the front, centered, fully visible. Plain solid white background, no checkerboard pattern, no shadow, no text."
crossbow,หน้าไม้,หน้าไม้,,hand_r,weapon,ranger,ranger,rare,ATK +18,600,,,,,,images/items/crossbow.png,"A single wooden crossbow with iron limbs, pointing up as a game item, same anime art style as the uploaded image, thick dark outlines, soft cel shading. Only the item, no character, no head, no hands. Vertical, handle at the bottom, pointing up, seen from the front, centered, fully visible. Plain solid white background, no checkerboard pattern, no shadow, no text."
short_bow,ธนูสั้น,ธนูสั้น,,hand_l,weapon,ranger,ranger,starter,ATK +6,60,0.5,,,,,images/items/short_bow.png,"A single small simple wooden short bow with a string as a game item, same anime art style as the uploaded image, thick dark outlines, soft cel shading. Only the item, no character, no head, no hands. Vertical, grip in the middle, seen from the front, centered, fully visible. Plain solid white background, no checkerboard pattern, no shadow, no text."
hunter_bow,Hunter Bow,ธนูพราน,yes,hand_l,weapon,ranger,ranger,common,ATK +8,250,0.5,,,,,images/items/hunter_bow.png,"A single wooden hunting bow with a leather-wrapped grip as a game item, same anime art style as the uploaded image, thick dark outlines, soft cel shading. Only the item, no character, no head, no hands. Vertical, grip in the middle, seen from the front, centered, fully visible. Plain solid white background, no checkerboard pattern, no shadow, no text."
longbow,ธนูยาว,ธนูยาว,,hand_l,weapon,ranger,ranger,common,ATK +13,250,0.5,,,,,images/items/longbow.png,"A single tall yew longbow with a green grip as a game item, same anime art style as the uploaded image, thick dark outlines, soft cel shading. Only the item, no character, no head, no hands. Vertical, grip in the middle, seen from the front, centered, fully visible. Plain solid white background, no checkerboard pattern, no shadow, no text."
elven_bow,ธนูเอลฟ์,ธนูเอลฟ์,,hand_l,weapon,ranger,ranger,rare,ATK +19 · DEX +2,600,0.5,,,,,images/items/elven_bow.png,"A single elegant white and gold elven bow with leaf ornaments as a game item, same anime art style as the uploaded image, thick dark outlines, soft cel shading. Only the item, no character, no head, no hands. Vertical, grip in the middle, seen from the front, centered, fully visible. Plain solid white background, no checkerboard pattern, no shadow, no text."
flame_bow,ธนูเพลิง,ธนูเพลิง,,hand_l,weapon,ranger,ranger,epic,ATK +26,1500,0.5,,,,,images/items/flame_bow.png,"A single red bow with flame-shaped limbs glowing orange as a game item, same anime art style as the uploaded image, thick dark outlines, soft cel shading. Only the item, no character, no head, no hands. Vertical, grip in the middle, seen from the front, centered, fully visible. Plain solid white background, no checkerboard pattern, no shadow, no text."
frost_bow,ธนูน้ำแข็ง,ธนูน้ำแข็ง,,hand_l,weapon,ranger,ranger,epic,ATK +26,1500,0.5,,,,,images/items/frost_bow.png,"A single pale blue crystal bow with frost particles as a game item, same anime art style as the uploaded image, thick dark outlines, soft cel shading. Only the item, no character, no head, no hands. Vertical, grip in the middle, seen from the front, centered, fully visible. Plain solid white background, no checkerboard pattern, no shadow, no text."
dragon_bow,ธนูมังกร,ธนูมังกร,,hand_l,weapon,ranger,ranger,legend,ATK +38 · DEX +4,4000,0.5,,,,,images/items/dragon_bow.png,"A single black bow shaped like dragon wings with red gems as a game item, same anime art style as the uploaded image, thick dark outlines, soft cel shading. Only the item, no character, no head, no hands. Vertical, grip in the middle, seen from the front, centered, fully visible. Plain solid white background, no checkerboard pattern, no shadow, no text."
bamboo_bow,ธนูไม้ไผ่,ธนูไม้ไผ่,,hand_l,weapon,ranger,ranger,starter,ATK +5,60,0.5,,,,,images/items/bamboo_bow.png,"A single light bamboo bow tied with rope as a game item, same anime art style as the uploaded image, thick dark outlines, soft cel shading. Only the item, no character, no head, no hands. Vertical, grip in the middle, seen from the front, centered, fully visible. Plain solid white background, no checkerboard pattern, no shadow, no text."
buckler,โล่ไม้เล็ก,โล่ไม้เล็ก,,arm_l,shield,novice,,starter,DEF +3,60,,,,,,images/items/buckler.png,"A single small round wooden buckler with an iron center as a game item, same anime art style as the uploaded image, thick dark outlines, soft cel shading. Only the item, no character, no head, no hands. Upright, seen from the front, centered, fully visible. Plain solid white background, no checkerboard pattern, no shadow, no text."
round_shield,โล่ไม้กลม,โล่ไม้กลม,,arm_l,shield,knight,knight,common,DEF +6,250,,,,,,images/items/round_shield.png,"A single round wooden shield with an iron rim and boss as a game item, same anime art style as the uploaded image, thick dark outlines, soft cel shading. Only the item, no character, no head, no hands. Upright, seen from the front, centered, fully visible. Plain solid white background, no checkerboard pattern, no shadow, no text."
kite_shield,โล่เหล็กทรงว่าว,โล่เหล็กทรงว่าว,,arm_l,shield,knight,knight,common,DEF +9,250,,,,,,images/items/kite_shield.png,"A single iron kite shield with a red cross emblem as a game item, same anime art style as the uploaded image, thick dark outlines, soft cel shading. Only the item, no character, no head, no hands. Upright, seen from the front, centered, fully visible. Plain solid white background, no checkerboard pattern, no shadow, no text."
tower_shield,โล่ปราการ,โล่ปราการ,,arm_l,shield,knight,knight,rare,DEF +14,600,,,,,,images/items/tower_shield.png,"A single tall rectangular steel tower shield with rivets as a game item, same anime art style as the uploaded image, thick dark outlines, soft cel shading. Only the item, no character, no head, no hands. Upright, seen from the front, centered, fully visible. Plain solid white background, no checkerboard pattern, no shadow, no text."
lion_shield,โล่ตราสิงห์,โล่ตราสิงห์,,arm_l,shield,knight,knight,rare,DEF +12 · VIT +1,600,,,,,,images/items/lion_shield.png,"A single blue shield with a golden lion crest as a game item, same anime art style as the uploaded image, thick dark outlines, soft cel shading. Only the item, no character, no head, no hands. Upright, seen from the front, centered, fully visible. Plain solid white background, no checkerboard pattern, no shadow, no text."
spiked_shield,โล่หนาม,โล่หนาม,,arm_l,shield,knight,knight,rare,DEF +11 · ATK +3,600,,,,,,images/items/spiked_shield.png,"A single black iron shield with spikes around the edge as a game item, same anime art style as the uploaded image, thick dark outlines, soft cel shading. Only the item, no character, no head, no hands. Upright, seen from the front, centered, fully visible. Plain solid white background, no checkerboard pattern, no shadow, no text."
crystal_shield,โล่คริสตัล,โล่คริสตัล,,arm_l,shield,knight,knight,epic,DEF +16 · MDEF +6,1500,,,,,,images/items/crystal_shield.png,"A single translucent blue crystal shield glowing softly as a game item, same anime art style as the uploaded image, thick dark outlines, soft cel shading. Only the item, no character, no head, no hands. Upright, seen from the front, centered, fully visible. Plain solid white background, no checkerboard pattern, no shadow, no text."
dragon_shield,โล่เกล็ดมังกร,โล่เกล็ดมังกร,,arm_l,shield,knight,knight,legend,DEF +22,4000,,,,,,images/items/dragon_shield.png,"A single red dragon scale shield with a dragon head emblem as a game item, same anime art style as the uploaded image, thick dark outlines, soft cel shading. Only the item, no character, no head, no hands. Upright, seen from the front, centered, fully visible. Plain solid white background, no checkerboard pattern, no shadow, no text."
grimoire,คัมภีร์เวท,คัมภีร์เวท,,arm_l,shield,witch,witch,rare,MATK +8 · MDEF +4,600,,,,,,images/items/grimoire.png,"A single floating open magic grimoire with glowing runes on the pages as a game item, same anime art style as the uploaded image, thick dark outlines, soft cel shading. Only the item, no character, no head, no hands. Upright, seen from the front, centered, fully visible. Plain solid white background, no checkerboard pattern, no shadow, no text."
wooden_board,ฝาหม้อ,ฝาหม้อ,,arm_l,shield,novice,,fashion,DEF +2,800,,,,,,images/items/wooden_board.png,"A single round wooden pot lid used as a shield as a game item, same anime art style as the uploaded image, thick dark outlines, soft cel shading. Only the item, no character, no head, no hands. Upright, seen from the front, centered, fully visible. Plain solid white background, no checkerboard pattern, no shadow, no text."
red_cape,ผ้าคลุมแดง,ผ้าคลุมแดง,,back,cape,knight,,common,DEF +2,250,,,,,,images/items/red_cape.png,"A single red knight cape with a gold clasp at the shoulders as a game item, same anime art style as the uploaded image, thick dark outlines, soft cel shading. Only the item, no character, no head, no hands. Upright, seen from the back as it would be worn, centered, fully visible. Plain solid white background, no checkerboard pattern, no shadow, no text."
travel_cloak,เสื้อคลุมเดินทาง,เสื้อคลุมเดินทาง,,back,cape,novice,,starter,DEF +1,60,,,,,,images/items/travel_cloak.png,"A single brown hooded travel cloak, hood down as a game item, same anime art style as the uploaded image, thick dark outlines, soft cel shading. Only the item, no character, no head, no hands. Upright, seen from the back as it would be worn, centered, fully visible. Plain solid white background, no checkerboard pattern, no shadow, no text."
star_cape,ผ้าคลุมดาว,ผ้าคลุมดาว,yes,back,cape,all,,fashion,DEF +2,800,,,,,,images/items/star_cape.png,"A single dark blue cape with golden star pattern as a game item, same anime art style as the uploaded image, thick dark outlines, soft cel shading. Only the item, no character, no head, no hands. Upright, seen from the back as it would be worn, centered, fully visible. Plain solid white background, no checkerboard pattern, no shadow, no text."
mage_mantle,เสื้อคลุมจอมเวท,เสื้อคลุมจอมเวท,,back,cape,witch,,rare,MDEF +5 · INT +1,600,,,,,,images/items/mage_mantle.png,"A single purple mage mantle with silver rune embroidery as a game item, same anime art style as the uploaded image, thick dark outlines, soft cel shading. Only the item, no character, no head, no hands. Upright, seen from the back as it would be worn, centered, fully visible. Plain solid white background, no checkerboard pattern, no shadow, no text."
leaf_cape,ผ้าคลุมใบไม้,ผ้าคลุมใบไม้,,back,cape,ranger,,common,AGI +2,250,,,,,,images/items/leaf_cape.png,"A single green cape made of overlapping leaves as a game item, same anime art style as the uploaded image, thick dark outlines, soft cel shading. Only the item, no character, no head, no hands. Upright, seen from the back as it would be worn, centered, fully visible. Plain solid white background, no checkerboard pattern, no shadow, no text."
quiver,ซองธนู,ซองธนู,,back,cape,ranger,,starter,DEX +1,60,,,,,,images/items/quiver.png,"A single brown leather quiver full of feathered arrows as a game item, same anime art style as the uploaded image, thick dark outlines, soft cel shading. Only the item, no character, no head, no hands. Upright, seen from the back as it would be worn, centered, fully visible. Plain solid white background, no checkerboard pattern, no shadow, no text."
golden_quiver,ซองธนูทองคำ,ซองธนูทองคำ,,back,cape,ranger,,epic,DEX +3 · CRI +2%,1500,,,,,,images/items/golden_quiver.png,"A single ornate golden quiver with glowing arrows as a game item, same anime art style as the uploaded image, thick dark outlines, soft cel shading. Only the item, no character, no head, no hands. Upright, seen from the back as it would be worn, centered, fully visible. Plain solid white background, no checkerboard pattern, no shadow, no text."
angel_wings,ปีกนางฟ้า,ปีกนางฟ้า,yes,back,cape,all,,fashion,DEF +1,800,,,,,,images/items/angel_wings.png,"A single white feathered angel wings, spread as a game item, same anime art style as the uploaded image, thick dark outlines, soft cel shading. Only the item, no character, no head, no hands. Upright, seen from the back as it would be worn, centered, fully visible. Plain solid white background, no checkerboard pattern, no shadow, no text."
bat_wings,ปีกค้างคาว,ปีกค้างคาว,yes,back,cape,all,,fashion,DEF +1,800,,,,,,images/items/bat_wings.png,"A single black bat wings with purple membranes, spread as a game item, same anime art style as the uploaded image, thick dark outlines, soft cel shading. Only the item, no character, no head, no hands. Upright, seen from the back as it would be worn, centered, fully visible. Plain solid white background, no checkerboard pattern, no shadow, no text."
fairy_wings,ปีกภูติ,ปีกภูติ,,back,cape,all,,fashion,AGI +2,800,,,,,,images/items/fairy_wings.png,"A single translucent sparkling fairy wings with pastel colors as a game item, same anime art style as the uploaded image, thick dark outlines, soft cel shading. Only the item, no character, no head, no hands. Upright, seen from the back as it would be worn, centered, fully visible. Plain solid white background, no checkerboard pattern, no shadow, no text."
butterfly_wings,ปีกผีเสื้อ,ปีกผีเสื้อ,,back,cape,all,,fashion,LUK +2,800,,,,,,images/items/butterfly_wings.png,"A single large blue and orange butterfly wings as a game item, same anime art style as the uploaded image, thick dark outlines, soft cel shading. Only the item, no character, no head, no hands. Upright, seen from the back as it would be worn, centered, fully visible. Plain solid white background, no checkerboard pattern, no shadow, no text."
dragon_wings,ปีกมังกร,ปีกมังกร,,back,cape,all,,legend,ATK +5 · DEF +5,4000,,,,,,images/items/dragon_wings.png,"A single red dragon wings with sharp claws, spread as a game item, same anime art style as the uploaded image, thick dark outlines, soft cel shading. Only the item, no character, no head, no hands. Upright, seen from the back as it would be worn, centered, fully visible. Plain solid white background, no checkerboard pattern, no shadow, no text."
phoenix_wings,ปีกหงส์เพลิง,ปีกหงส์เพลิง,,back,cape,all,,legend,MATK +8 · MDEF +8,4000,,,,,,images/items/phoenix_wings.png,"A single burning orange phoenix wings made of fire feathers as a game item, same anime art style as the uploaded image, thick dark outlines, soft cel shading. Only the item, no character, no head, no hands. Upright, seen from the back as it would be worn, centered, fully visible. Plain solid white background, no checkerboard pattern, no shadow, no text."
backpack,กระเป๋าเป้นักผจญภัย,กระเป๋าเป้นักผจญภัย,,back,cape,novice,,starter,VIT +1,60,,,,,,images/items/backpack.png,"A single brown leather adventurer backpack with a bedroll as a game item, same anime art style as the uploaded image, thick dark outlines, soft cel shading. Only the item, no character, no head, no hands. Upright, seen from the back as it would be worn, centered, fully visible. Plain solid white background, no checkerboard pattern, no shadow, no text."
knight_banner,ธงอัศวิน,ธงอัศวิน,,back,cape,knight,,epic,DEF +6 · STR +2,1500,,,,,,images/items/knight_banner.png,"A single tall blue and gold war banner mounted on the back as a game item, same anime art style as the uploaded image, thick dark outlines, soft cel shading. Only the item, no character, no head, no hands. Upright, seen from the back as it would be worn, centered, fully visible. Plain solid white background, no checkerboard pattern, no shadow, no text."
